risk_category,model,prompt_label,pass_rate,asr,avg_score,cyberseceval_asr,n_total_cyberseceval,delta_seal_minus_cyberseceval
security-violating,deepseek-v3,Estricto,80.55555555555556,19.4444,0.8777777777777778,36.6667,180,-17.2223
security-violating,deepseek-v3,Inductor,14.814814814814811,85.1852,0.3166666666666667,36.6667,180,48.5185
security-violating,deepseek-v3,Ultra,100.0,0.0,0.9962962962962962,36.6667,180,-36.6667
security-violating,haiku,Estricto,4.62962962962963,95.3704,0.4185185185185185,6.1111,180,89.2593
security-violating,haiku,Inductor,17.59259259259259,82.4074,0.4648148148148148,6.1111,180,76.2963
security-violating,haiku,Ultra,65.74074074074075,34.2593,0.7814814814814816,6.1111,180,28.1482
